date,value
2013-06-24,18144.927845366503
2013-06-25,18157.55352671822
2013-06-26,18167.364875139443
2013-06-27,18175.13064133949
2013-06-28,18181.409587491253
2013-07-01,18186.607846769086
2013-07-02,18191.02061480954
2013-07-03,18194.862452917478
2013-07-05,18198.289313782734
2013-07-08,18201.414550749614
2013-07-09,18204.32055406531
2013-07-10,18207.067208622273
2013-07-11,18209.69804142115
2013-07-12,18212.244689820025
2013-07-15,18214.730149256473
2013-07-16,18217.171133836262
2013-07-17,18219.57979211411
2013-07-18,18221.964954199375
2013-07-19,18224.333038207882
2013-07-22,18226.688709111382
2013-07-23,18229.03535761862
2013-07-24,18231.37544824737
2013-07-25,18233.710772318653
2013-07-26,18236.04263184418
2013-07-29,18238.371973183912
2013-07-30,18240.699484194323
2013-07-31,18243.025664840054
2013-08-01,18245.350878517627
2013-08-02,18247.675389359778
2013-08-05,18249.999389349916
2013-08-06,18252.32301803011
2013-08-07,18254.64637682574
2013-08-08,18256.96953945728
2013-08-09,18259.29255950804
2013-08-12,18261.615475924755
2013-08-13,18263.93831701564
2013-08-14,18266.261103356366
2013-08-15,18268.583849902243
2013-08-16,18270.906567523456
2013-08-19,18273.22926412094
2013-08-20,18275.55194543744
2013-08-21,18277.874615647044
2013-08-22,18280.197277783664
2013-08-23,18282.519934052478
2013-08-26,18284.84258605631
2013-08-27,18287.165234960165
2013-08-28,18289.487881610818
2013-08-29,18291.810526623743
2013-08-30,18294.133170446297
2013-09-03,18296.455813403634
2013-09-04,18298.778455732096
2013-09-05,18301.10109760346
2013-09-06,18303.423739142585
2013-09-09,18305.746380440225
2013-09-10,18308.069021562344
2013-09-11,18310.391662556885
2013-09-12,18312.7143034587
2013-09-13,18315.03694429311
2013-09-16,18317.359585078535
2013-09-17,18319.682225828354
2013-09-18,18322.004866552288
2013-09-19,18324.327507257414
2013-09-20,18326.650147948865
2013-09-23,18328.972788630377
2013-09-24,18331.295429304668
2013-09-25,18333.61806997371
2013-09-26,18335.940710638934
2013-09-27,18338.263351301382
2013-09-30,18340.585991961816
2013-10-01,18342.908632620783
2013-10-02,18345.231273278685
2013-10-03,18347.553913935815
2013-10-04,18349.87655459238
2013-10-07,18352.19919524854
2013-10-08,18354.5218359044
2013-10-09,18356.844476560043
2013-10-10,18359.16711721553
2013-10-11,18361.489757870902
2013-10-14,18363.812398526192
2013-10-15,18366.135039181423
2013-10-16,18368.45767983661
2013-10-17,18370.780320491765
2013-10-18,18373.102961146895
2013-10-21,18375.42560180201
2013-10-22,18377.74824245711
2013-10-23,18380.070883112203
2013-10-24,18382.39352376729
2013-10-25,18384.71616442237
2013-10-28,18387.03880507745
2013-10-29,18389.361445732524
2013-10-30,18391.6840863876
2013-10-31,18394.00672704267
2013-11-01,18396.32936769774
2013-11-04,18398.652008352812
2013-11-05,18400.974649007883
2013-11-06,18403.297289662954
2013-11-07,18405.619930318026
2013-11-08,18407.942570973097
2013-11-11,18410.265211628168
2013-11-12,18412.58785228324
2013-11-13,18414.910492938307
2013-11-14,18417.233133593374
2013-11-15,18419.55577424844
2013-11-18,18421.87841490351
2013-11-19,18424.201055558577
2013-11-20,18426.523696213644
2013-11-21,18428.84633686871
2013-11-22,18431.16897752378
2013-11-25,18433.491618178847
2013-11-26,18435.814258833914
2013-11-27,18438.13689948898
2013-11-29,18440.45954014405
2013-12-02,18442.782180799117
2013-12-03,18445.104821454184
2013-12-04,18447.42746210925
2013-12-05,18449.75010276432
2013-12-06,18452.072743419387
2013-12-09,18454.395384074454
2013-12-10,18456.718024729522
2013-12-11,18459.04066538459
2013-12-12,18461.363306039657
2013-12-13,18463.685946694724
2013-12-16,18466.008587349792
2013-12-17,18468.33122800486
2013-12-18,18470.653868659927
2013-12-19,18472.976509314994
2013-12-20,18475.299149970062
2013-12-23,18477.62179062513
2013-12-24,18479.944431280197
2013-12-26,18482.267071935265
2013-12-27,18484.589712590332
2013-12-30,18486.9123532454
2013-12-31,18489.234993900467
2014-01-02,18491.557634555535
2014-01-03,18493.880275210602
2014-01-06,18496.20291586567
2014-01-07,18498.525556520737
2014-01-08,18500.848197175805
2014-01-09,18503.170837830872
2014-01-10,18505.49347848594
2014-01-13,18507.816119141007
2014-01-14,18510.138759796075
2014-01-15,18512.461400451142
2014-01-16,18514.78404110621
2014-01-17,18517.106681761277
2014-01-21,18519.429322416345
2014-01-22,18521.751963071412
2014-01-23,18524.07460372648
2014-01-24,18526.397244381547
2014-01-27,18528.719885036615
2014-01-28,18531.042525691682
2014-01-29,18533.36516634675
2014-01-30,18535.687807001817
2014-01-31,18538.010447656885
2014-02-03,18540.333088311952
2014-02-04,18542.65572896702
2014-02-05,18544.978369622087
2014-02-06,18547.301010277155
2014-02-07,18549.623650932223
2014-02-10,18551.94629158729
2014-02-11,18554.268932242358
2014-02-12,18556.591572897425
2014-02-13,18558.914213552493
2014-02-14,18561.23685420756
2014-02-18,18563.559494862628
2014-02-19,18565.882135517695
2014-02-20,18568.204776172763
2014-02-21,18570.52741682783
2014-02-24,18572.850057482898
2014-02-25,18575.172698137965
2014-02-26,18577.495338793033
2014-02-27,18579.8179794481
2014-02-28,18582.140620103168
2014-03-03,18584.463260758235
2014-03-04,18586.785901413303
2014-03-05,18589.10854206837
2014-03-06,18591.431182723438
2014-03-07,18593.753823378505
2014-03-10,18596.076464033573
2014-03-11,18598.39910468864
2014-03-12,18600.721745343708
2014-03-13,18603.044385998775
2014-03-14,18605.367026653843
2014-03-17,18607.68966730891
2014-03-18,18610.012307963978
2014-03-19,18612.334948619045
2014-03-20,18614.657589274113
2014-03-21,18616.98022992918
2014-03-24,18619.302870584248
2014-03-25,18621.625511239316
2014-03-26,18623.948151894383
2014-03-27,18626.27079254945
2014-03-28,18628.593433204518
2014-03-31,18630.916073859586
2014-04-01,18633.238714514653
2014-04-02,18635.56135516972
2014-04-03,18637.883995824788
2014-04-04,18640.206636479856
2014-04-07,18642.529277134923
2014-04-08,18644.85191778999
2014-04-09,18647.17455844506
2014-04-10,18649.497199100126
2014-04-11,18651.819839755193
2014-04-14,18654.14248041026
2014-04-15,18656.46512106533
2014-04-16,18658.787761720396
2014-04-17,18661.110402375463
2014-04-21,18663.43304303053
2014-04-22,18665.7556836856
2014-04-23,18668.078324340666
2014-04-24,18670.400964995733
2014-04-25,18672.7236056508
2014-04-28,18675.04624630587
2014-04-29,18677.368886960936
2014-04-30,18679.691527616003
2014-05-01,18682.01416827107
2014-05-02,18684.33680892614
2014-05-05,18686.659449581206
2014-05-06,18688.982090236274
2014-05-07,18691.30473089134
2014-05-08,18693.62737154641
2014-05-09,18695.950012201476
2014-05-12,18698.272652856544
2014-05-13,18700.59529351161
2014-05-14,18702.91793416668
2014-05-15,18705.240574821746
2014-05-16,18707.563215476814
2014-05-19,18709.88585613188
2014-05-20,18712.20849678695
2014-05-21,18714.531137442016
2014-05-22,18716.853778097084
2014-05-23,18719.17641875215
2014-05-27,18721.49905940722
2014-05-28,18723.821700062286
2014-05-29,18726.144340717354
2014-05-30,18728.46698137242
2014-06-02,18730.78962202749
2014-06-03,18733.112262682556
2014-06-04,18735.434903337624
2014-06-05,18737.75754399269
2014-06-06,18740.08018464776
2014-06-09,18742.402825302826
2014-06-10,18744.725465957894
2014-06-11,18747.04810661296
2014-06-12,18749.37074726803
2014-06-13,18751.693387923096
2014-06-16,18754.016028578164
2014-06-17,18756.33866923323
2014-06-18,18758.6613098883
2014-06-19,18760.983950543367
2014-06-20,18763.306591198434
2014-06-23,18765.6292318535
2014-06-24,18767.95187250857
2014-06-25,18770.274513163637
2014-06-26,18772.597153818704
2014-06-27,18774.91979447377
2014-06-30,18777.24243512884
2014-07-01,18779.565075783907
2014-07-02,18781.887716438974
2014-07-03,18784.21035709404
2014-07-07,18786.53299774911
2014-07-08,18788.855638404177
2014-07-09,18791.178279059244
2014-07-10,18793.50091971431
2014-07-11,18795.82356036938
2014-07-14,18798.146201024447
2014-07-15,18800.468841679514
2014-07-16,18802.79148233458
2014-07-17,18805.11412298965
2014-07-18,18807.436763644717
2014-07-21,18809.759404299784
2014-07-22,18812.082044954852
2014-07-23,18814.40468560992
2014-07-24,18816.727326264987
2014-07-25,18819.049966920054
2014-07-28,18821.372607575122
2014-07-29,18823.69524823019
2014-07-30,18826.017888885257
2014-07-31,18828.340529540324
2014-08-01,18830.663170195392
2014-08-04,18832.98581085046
2014-08-05,18835.308451505527
2014-08-06,18837.631092160595
2014-08-07,18839.953732815662
2014-08-08,18842.27637347073
2014-08-11,18844.599014125797
2014-08-12,18846.921654780865
2014-08-13,18849.244295435932
2014-08-14,18851.566936091
2014-08-15,18853.889576746067
2014-08-18,18856.212217401135
2014-08-19,18858.534858056202
2014-08-20,18860.85749871127
2014-08-21,18863.180139366337
2014-08-22,18865.502780021405
2014-08-25,18867.825420676472
2014-08-26,18870.14806133154
2014-08-27,18872.470701986607
2014-08-28,18874.793342641675
2014-08-29,18877.115983296742
2014-09-02,18879.43862395181
2014-09-03,18881.761264606877
2014-09-04,18884.083905261945
2014-09-05,18886.406545917012
2014-09-08,18888.72918657208
2014-09-09,18891.051827227147
2014-09-10,18893.374467882215
2014-09-11,18895.697108537282
2014-09-12,18898.01974919235
2014-09-15,18900.342389847418
2014-09-16,18902.665030502485
2014-09-17,18904.987671157553
2014-09-18,18907.31031181262
2014-09-19,18909.632952467688
2014-09-22,18911.955593122755
2014-09-23,18914.278233777823
2014-09-24,18916.60087443289
2014-09-25,18918.923515087958
2014-09-26,18921.246155743025
2014-09-29,18923.568796398093
2014-09-30,18925.89143705316
2014-10-01,18928.214077708228
2014-10-02,18930.536718363295
2014-10-03,18932.859359018363
2014-10-06,18935.18199967343
2014-10-07,18937.504640328498
2014-10-08,18939.827280983565
2014-10-09,18942.149921638633
2014-10-10,18944.4725622937
2014-10-13,18946.795202948768
2014-10-14,18949.117843603835
2014-10-15,18951.440484258903
2014-10-16,18953.76312491397
2014-10-17,18956.085765569038
2014-10-20,18958.408406224105
2014-10-21,18960.731046879173
2014-10-22,18963.05368753424
2014-10-23,18965.376328189308
2014-10-24,18967.698968844375
2014-10-27,18970.021609499443
2014-10-28,18972.34425015451
2014-10-29,18974.666890809578
2014-10-30,18976.989531464646
2014-10-31,18979.312172119713
2014-11-03,18981.63481277478
2014-11-04,18983.957453429848
2014-11-05,18986.280094084916
2014-11-06,18988.602734739983
2014-11-07,18990.92537539505
2014-11-10,18993.248016050118
2014-11-11,18995.570656705186
2014-11-12,18997.893297360253
2014-11-13,19000.21593801532
2014-11-14,19002.53857867039
2014-11-17,19004.861219325456
2014-11-18,19007.183859980523
2014-11-19,19009.50650063559
2014-11-20,19011.82914129066
2014-11-21,19014.151781945726
2014-11-24,19016.474422600793
2014-11-25,19018.79706325586
2014-11-26,19021.11970391093
2014-11-28,19023.442344565996
2014-12-01,19025.764985221063
2014-12-02,19028.08762587613
2014-12-03,19030.4102665312
2014-12-04,19032.732907186266
2014-12-05,19035.055547841333
2014-12-08,19037.3781884964
2014-12-09,19039.70082915147
2014-12-10,19042.023469806536
2014-12-11,19044.346110461604
2014-12-12,19046.66875111667
2014-12-15,19048.99139177174
2014-12-16,19051.314032426806
2014-12-17,19053.636673081874
2014-12-18,19055.95931373694
2014-12-19,19058.28195439201
2014-12-22,19060.604595047076
2014-12-23,19062.927235702144
2014-12-24,19065.24987635721
2014-12-26,19067.57251701228
2014-12-29,19069.895157667346
2014-12-30,19072.217798322414
2014-12-31,19074.54043897748
2015-01-02,19076.86307963255
2015-01-05,19079.185720287616
2015-01-06,19081.508360942684
2015-01-07,19083.83100159775
2015-01-08,19086.15364225282
2015-01-09,19088.476282907886
2015-01-12,19090.798923562954
2015-01-13,19093.12156421802
2015-01-14,19095.44420487309
2015-01-15,19097.766845528156
2015-01-16,19100.089486183224
2015-01-20,19102.41212683829
2015-01-21,19104.73476749336
2015-01-22,19107.057408148426
2015-01-23,19109.380048803494
2015-01-26,19111.70268945856
2015-01-27,19114.02533011363
2015-01-28,19116.347970768697
2015-01-29,19118.670611423764
2015-01-30,19120.99325207883
2015-02-02,19123.3158927339
2015-02-03,19125.638533388967
2015-02-04,19127.961174044034
2015-02-05,19130.2838146991
2015-02-06,19132.60645535417
2015-02-09,19134.929096009237
2015-02-10,19137.251736664304
2015-02-11,19139.57437731937
2015-02-12,19141.89701797444
2015-02-13,19144.219658629507
2015-02-17,19146.542299284574
2015-02-18,19148.86493993964
2015-02-19,19151.18758059471
2015-02-20,19153.510221249777
2015-02-23,19155.832861904844
2015-02-24,19158.155502559912
2015-02-25,19160.47814321498
2015-02-26,19162.800783870047
2015-02-27,19165.123424525114
2015-03-02,19167.446065180182
2015-03-03,19169.76870583525
2015-03-04,19172.091346490317
2015-03-05,19174.413987145384
2015-03-06,19176.736627800452
2015-03-09,19179.05926845552
2015-03-10,19181.381909110587
2015-03-11,19183.704549765655
2015-03-12,19186.027190420722
2015-03-13,19188.34983107579
2015-03-16,19190.672471730857
2015-03-17,19192.995112385925
2015-03-18,19195.317753040992
2015-03-19,19197.64039369606
2015-03-20,19199.963034351127
2015-03-23,19202.285675006195
2015-03-24,19204.608315661262
2015-03-25,19206.93095631633
2015-03-26,19209.253596971397
2015-03-27,19211.576237626465
2015-03-30,19213.898878281532
2015-03-31,19216.2215189366
2015-04-01,19218.544159591667
2015-04-02,19220.866800246735
2015-04-06,19223.189440901802
2015-04-07,19225.51208155687
2015-04-08,19227.834722211937
2015-04-09,19230.157362867005
2015-04-10,19232.480003522072
2015-04-13,19234.80264417714
2015-04-14,19237.125284832207
2015-04-15,19239.447925487275
2015-04-16,19241.770566142342
2015-04-17,19244.09320679741
2015-04-20,19246.415847452477
2015-04-21,19248.738488107545
2015-04-22,19251.061128762612
2015-04-23,19253.38376941768
2015-04-24,19255.706410072748
2015-04-27,19258.029050727815
2015-04-28,19260.351691382883
2015-04-29,19262.67433203795
2015-04-30,19264.996972693018
2015-05-01,19267.319613348085
2015-05-04,19269.642254003153
2015-05-05,19271.96489465822
2015-05-06,19274.287535313288
2015-05-07,19276.610175968355
2015-05-08,19278.932816623423
2015-05-11,19281.25545727849
2015-05-12,19283.578097933558
2015-05-13,19285.900738588625
2015-05-14,19288.223379243693
2015-05-15,19290.54601989876
2015-05-18,19292.868660553828
2015-05-19,19295.191301208895
2015-05-20,19297.513941863963
2015-05-21,19299.83658251903
2015-05-22,19302.159223174098
2015-05-26,19304.481863829165
2015-05-27,19306.804504484233
2015-05-28,19309.1271451393
2015-05-29,19311.449785794368
2015-06-01,19313.772426449435
2015-06-02,19316.095067104503
2015-06-03,19318.41770775957
2015-06-04,19320.740348414638
2015-06-05,19323.062989069706
2015-06-08,19325.385629724773
2015-06-09,19327.70827037984
2015-06-10,19330.030911034908
2015-06-11,19332.353551689976
2015-06-12,19334.676192345043
2015-06-15,19336.99883300011
2015-06-16,19339.321473655178
2015-06-17,19341.644114310246
2015-06-18,19343.966754965313
2015-06-19,19346.28939562038
2015-06-22,19348.61203627545
2015-06-23,19350.934676930516
2015-06-24,19353.257317585583
2015-06-25,19355.57995824065
2015-06-26,19357.90259889572
2015-06-29,19360.225239550786
2015-06-30,19362.547880205853
2015-07-01,19364.87052086092
2015-07-02,19367.19316151599
2015-07-06,19369.515802171056
2015-07-07,19371.838442826123
2015-07-08,19374.16108348119
2015-07-09,19376.48372413626
2015-07-10,19378.806364791326
2015-07-13,19381.129005446393
2015-07-14,19383.45164610146
2015-07-15,19385.77428675653
2015-07-16,19388.096927411596
2015-07-17,19390.419568066663
2015-07-20,19392.74220872173
2015-07-21,19395.0648493768
2015-07-22,19397.387490031866
2015-07-23,19399.710130686934
2015-07-24,19402.032771342
2015-07-27,19404.35541199707
2015-07-28,19406.678052652136
2015-07-29,19409.000693307204
2015-07-30,19411.32333396227
2015-07-31,19413.64597461734
2015-08-03,19415.968615272406
2015-08-04,19418.291255927474
2015-08-05,19420.61389658254
2015-08-06,19422.93653723761
2015-08-07,19425.259177892676
2015-08-10,19427.581818547744
2015-08-11,19429.90445920281
2015-08-12,19432.22709985788
2015-08-13,19434.549740512946
2015-08-14,19436.872381168014
2015-08-17,19439.19502182308
2015-08-18,19441.51766247815
2015-08-19,19443.840303133216
2015-08-20,19446.162943788284
2015-08-21,19448.48558444335
2015-08-24,19450.80822509842
2015-08-25,19453.130865753486
2015-08-26,19455.453506408554
2015-08-27,19457.77614706362
2015-08-28,19460.09878771869
2015-08-31,19462.421428373756
2015-09-01,19464.744069028824
2015-09-02,19467.06670968389
2015-09-03,19469.38935033896
2015-09-04,19471.711990994027
2015-09-08,19474.034631649094
2015-09-09,19476.35727230416
2015-09-10,19478.67991295923
2015-09-11,19481.002553614297
2015-09-14,19483.325194269364
2015-09-15,19485.64783492443
2015-09-16,19487.9704755795
2015-09-17,19490.293116234567
2015-09-18,19492.615756889634
2015-09-21,19494.9383975447
2015-09-22,19497.26103819977
2015-09-23,19499.583678854837
2015-09-24,19501.906319509904
2015-09-25,19504.22896016497
2015-09-28,19506.55160082004
2015-09-29,19508.874241475107
2015-09-30,19511.196882130174
2015-10-01,19513.519522785242
2015-10-02,19515.84216344031
2015-10-05,19518.164804095377
2015-10-06,19520.487444750444
2015-10-07,19522.810085405512
2015-10-08,19525.13272606058
2015-10-09,19527.455366715647
2015-10-12,19529.778007370714
2015-10-13,19532.100648025782
2015-10-14,19534.42328868085
2015-10-15,19536.745929335917
2015-10-16,19539.068569990985
2015-10-19,19541.391210646052
2015-10-20,19543.71385130112
2015-10-21,19546.036491956187
2015-10-22,19548.359132611255
2015-10-23,19550.681773266322
2015-10-26,19553.00441392139
2015-10-27,19555.327054576457
2015-10-28,19557.649695231525
2015-10-29,19559.972335886592
2015-10-30,19562.29497654166
2015-11-02,19564.617617196727
2015-11-03,19566.940257851795
2015-11-04,19569.262898506862
2015-11-05,19571.58553916193
2015-11-06,19573.908179816997
2015-11-09,19576.230820472065
2015-11-10,19578.553461127132
2015-11-11,19580.8761017822
2015-11-12,19583.198742437267
2015-11-13,19585.521383092335
2015-11-16,19587.844023747402
2015-11-17,19590.16666440247
2015-11-18,19592.489305057537
2015-11-19,19594.811945712605
2015-11-20,19597.134586367672
2015-11-23,19599.45722702274
2015-11-24,19601.779867677807
2015-11-25,19604.102508332875
2015-11-27,19606.425148987943
2015-11-30,19608.74778964301
2015-12-01,19611.070430298078
2015-12-02,19613.393070953145
2015-12-03,19615.715711608213
2015-12-04,19618.03835226328
2015-12-07,19620.360992918348
2015-12-08,19622.683633573415
2015-12-09,19625.006274228483
2015-12-10,19627.32891488355
2015-12-11,19629.651555538618
2015-12-14,19631.974196193685
2015-12-15,19634.296836848753
2015-12-16,19636.61947750382
2015-12-17,19638.942118158888
2015-12-18,19641.264758813955
2015-12-21,19643.587399469023
2015-12-22,19645.91004012409
2015-12-23,19648.232680779158
2015-12-24,19650.555321434225
2015-12-28,19652.877962089293
2015-12-29,19655.20060274436
2015-12-30,19657.523243399428
2015-12-31,19659.845884054495
2016-01-04,19662.168524709563
2016-01-05,19664.49116536463
2016-01-06,19666.813806019698
2016-01-07,19669.136446674765
2016-01-08,19671.459087329833
2016-01-11,19673.7817279849
2016-01-12,19676.104368639968
2016-01-13,19678.427009295036
2016-01-14,19680.749649950103
2016-01-15,19683.07229060517
2016-01-19,19685.394931260238
2016-01-20,19687.717571915306
2016-01-21,19690.040212570373
2016-01-22,19692.36285322544
2016-01-25,19694.685493880508
2016-01-26,19697.008134535576
2016-01-27,19699.330775190643
2016-01-28,19701.65341584571
2016-01-29,19703.97605650078
2016-02-01,19706.298697155846
2016-02-02,19708.621337810913
2016-02-03,19710.94397846598
2016-02-04,19713.26661912105
2016-02-05,19715.589259776116
2016-02-08,19717.911900431183
2016-02-09,19720.23454108625
2016-02-10,19722.55718174132
2016-02-11,19724.879822396386
2016-02-12,19727.202463051453
2016-02-16,19729.52510370652
2016-02-17,19731.84774436159
2016-02-18,19734.170385016656
2016-02-19,19736.493025671723
2016-02-22,19738.81566632679
2016-02-23,19741.13830698186
2016-02-24,19743.460947636926
2016-02-25,19745.783588291994
2016-02-26,19748.10622894706
2016-02-29,19750.42886960213
2016-03-01,19752.751510257196
2016-03-02,19755.074150912264
2016-03-03,19757.39679156733
2016-03-04,19759.7194322224
2016-03-07,19762.042072877466
2016-03-08,19764.364713532534
2016-03-09,19766.6873541876
2016-03-10,19769.00999484267
2016-03-11,19771.332635497736
2016-03-14,19773.655276152804
2016-03-15,19775.97791680787
2016-03-16,19778.30055746294
2016-03-17,19780.623198118006
2016-03-18,19782.945838773074
2016-03-21,19785.26847942814
2016-03-22,19787.59112008321
2016-03-23,19789.913760738276
2016-03-24,19792.236401393344
2016-03-28,19794.55904204841
2016-03-29,19796.88168270348
2016-03-30,19799.204323358546
2016-03-31,19801.526964013614
2016-04-01,19803.84960466868
2016-04-04,19806.17224532375
2016-04-05,19808.494885978816
2016-04-06,19810.817526633884
2016-04-07,19813.14016728895
2016-04-08,19815.46280794402
2016-04-11,19817.785448599087
2016-04-12,19820.108089254154
2016-04-13,19822.43072990922
2016-04-14,19824.75337056429
2016-04-15,19827.076011219357
2016-04-18,19829.398651874424
2016-04-19,19831.72129252949
2016-04-20,19834.04393318456
2016-04-21,19836.366573839627
2016-04-22,19838.689214494694
2016-04-25,19841.01185514976
2016-04-26,19843.33449580483
2016-04-27,19845.657136459897
2016-04-28,19847.979777114964
2016-04-29,19850.30241777003
2016-05-02,19852.6250584251
2016-05-03,19854.947699080167
2016-05-04,19857.270339735234
2016-05-05,19859.5929803903
2016-05-06,19861.91562104537
2016-05-09,19864.238261700437
2016-05-10,19866.560902355504
2016-05-11,19868.883543010572
2016-05-12,19871.20618366564
2016-05-13,19873.528824320707
2016-05-16,19875.851464975774
2016-05-17,19878.174105630842
2016-05-18,19880.49674628591
2016-05-19,19882.819386940977
2016-05-20,19885.142027596044
2016-05-23,19887.464668251112
2016-05-24,19889.78730890618
2016-05-25,19892.109949561247
2016-05-26,19894.432590216315
2016-05-27,19896.755230871382
2016-05-31,19899.07787152645
2016-06-01,19901.400512181517
2016-06-02,19903.723152836585
2016-06-03,19906.045793491652
2016-06-06,19908.36843414672
2016-06-07,19910.691074801787
2016-06-08,19913.013715456855
2016-06-09,19915.336356111922
2016-06-10,19917.65899676699
2016-06-13,19919.981637422057
2016-06-14,19922.304278077125
2016-06-15,19924.626918732192
2016-06-16,19926.94955938726
2016-06-17,19929.272200042327
2016-06-20,19931.594840697395
2016-06-21,19933.917481352462
2016-06-22,19936.24012200753
2016-06-23,19938.562762662597
2016-06-24,19940.885403317665
2016-06-27,19943.208043972732
2016-06-28,19945.5306846278
2016-06-29,19947.853325282867
2016-06-30,19950.175965937935
2016-07-01,19952.498606593002
2016-07-05,19954.82124724807
2016-07-06,19957.143887903138
2016-07-07,19959.466528558205
2016-07-08,19961.789169213273
2016-07-11,19964.11180986834
2016-07-12,19966.434450523408
2016-07-13,19968.757091178475
2016-07-14,19971.079731833543
2016-07-15,19973.40237248861
2016-07-18,19975.725013143678
2016-07-19,19978.047653798745
2016-07-20,19980.370294453813
2016-07-21,19982.69293510888
2016-07-22,19985.015575763948
2016-07-25,19987.338216419015
2016-07-26,19989.660857074083
2016-07-27,19991.98349772915
2016-07-28,19994.306138384218
2016-07-29,19996.628779039285
2016-08-01,19998.951419694353
2016-08-02,20001.27406034942
2016-08-03,20003.596701004488
2016-08-04,20005.919341659555
2016-08-05,20008.241982314623
2016-08-08,20010.56462296969
2016-08-09,20012.887263624758
2016-08-10,20015.209904279825
2016-08-11,20017.532544934893
2016-08-12,20019.85518558996
2016-08-15,20022.177826245028
2016-08-16,20024.500466900095
2016-08-17,20026.823107555163
2016-08-18,20029.14574821023
2016-08-19,20031.468388865298
2016-08-22,20033.791029520366
2016-08-23,20036.113670175433
2016-08-24,20038.4363108305
2016-08-25,20040.758951485568
2016-08-26,20043.081592140636
2016-08-29,20045.404232795703
2016-08-30,20047.72687345077
2016-08-31,20050.049514105838
2016-09-01,20052.372154760906
2016-09-02,20054.694795415973
2016-09-06,20057.01743607104
2016-09-07,20059.34007672611
2016-09-08,20061.662717381176
2016-09-09,20063.985358036243
2016-09-12,20066.30799869131
2016-09-13,20068.63063934638
2016-09-14,20070.953280001446
2016-09-15,20073.275920656513
2016-09-16,20075.59856131158
2016-09-19,20077.92120196665
2016-09-20,20080.243842621716
2016-09-21,20082.566483276783
2016-09-22,20084.88912393185
2016-09-23,20087.21176458692
2016-09-26,20089.534405241986
2016-09-27,20091.857045897053
2016-09-28,20094.17968655212
2016-09-29,20096.50232720719
2016-09-30,20098.824967862256
2016-10-03,20101.147608517324
2016-10-04,20103.47024917239
2016-10-05,20105.79288982746
2016-10-06,20108.115530482526
2016-10-07,20110.438171137594
2016-10-10,20112.76081179266
2016-10-11,20115.08345244773
2016-10-12,20117.406093102796
2016-10-13,20119.728733757864
2016-10-14,20122.05137441293
2016-10-17,20124.374015068
2016-10-18,20126.696655723066
2016-10-19,20129.019296378134
2016-10-20,20131.3419370332
2016-10-21,20133.66457768827
2016-10-24,20135.987218343336
2016-10-25,20138.309858998404
2016-10-26,20140.63249965347
2016-10-27,20142.95514030854
2016-10-28,20145.277780963606
2016-10-31,20147.600421618674
2016-11-01,20149.92306227374
2016-11-02,20152.24570292881
2016-11-03,20154.568343583876
2016-11-04,20156.890984238944
2016-11-07,20159.21362489401
2016-11-08,20161.53626554908
2016-11-09,20163.858906204146
2016-11-10,20166.181546859214
2016-11-11,20168.50418751428
2016-11-14,20170.82682816935
2016-11-15,20173.149468824417
2016-11-16,20175.472109479484
2016-11-17,20177.79475013455
2016-11-18,20180.11739078962
2016-11-21,20182.440031444687
2016-11-22,20184.762672099754
2016-11-23,20187.08531275482
2016-11-25,20189.40795340989
2016-11-28,20191.730594064957
2016-11-29,20194.053234720024
2016-11-30,20196.37587537509
2016-12-01,20198.69851603016
2016-12-02,20201.021156685227
2016-12-05,20203.343797340294
2016-12-06,20205.66643799536
2016-12-07,20207.98907865043
2016-12-08,20210.311719305497
2016-12-09,20212.634359960564
2016-12-12,20214.957000615632
2016-12-13,20217.2796412707
2016-12-14,20219.602281925767
2016-12-15,20221.924922580834
2016-12-16,20224.247563235902
2016-12-19,20226.57020389097
2016-12-20,20228.892844546037
2016-12-21,20231.215485201104
2016-12-22,20233.538125856172
2016-12-23,20235.86076651124
2016-12-27,20238.183407166307
2016-12-28,20240.506047821375
2016-12-29,20242.828688476442
2016-12-30,20245.15132913151
2017-01-03,20247.473969786577
2017-01-04,20249.796610441645
2017-01-05,20252.119251096712
2017-01-06,20254.44189175178
2017-01-09,20256.764532406847
2017-01-10,20259.087173061915
2017-01-11,20261.409813716982
2017-01-12,20263.73245437205
2017-01-13,20266.055095027117
2017-01-17,20268.377735682185
2017-01-18,20270.700376337252
2017-01-19,20273.02301699232
2017-01-20,20275.345657647387
2017-01-23,20277.668298302455
2017-01-24,20279.990938957522
2017-01-25,20282.31357961259
2017-01-26,20284.636220267657
2017-01-27,20286.958860922725
2017-01-30,20289.281501577792
2017-01-31,20291.60414223286
2017-02-01,20293.926782887927
2017-02-02,20296.249423542995
2017-02-03,20298.572064198062
2017-02-06,20300.89470485313
2017-02-07,20303.217345508197
2017-02-08,20305.539986163265
2017-02-09,20307.862626818333
2017-02-10,20310.1852674734
2017-02-13,20312.507908128468
2017-02-14,20314.830548783535
2017-02-15,20317.153189438603
2017-02-16,20319.47583009367
2017-02-17,20321.798470748738
2017-02-21,20324.121111403805
2017-02-22,20326.443752058873
2017-02-23,20328.76639271394
2017-02-24,20331.089033369008
2017-02-27,20333.411674024075
2017-02-28,20335.734314679143
2017-03-01,20338.05695533421
2017-03-02,20340.379595989278
2017-03-03,20342.702236644345
2017-03-06,20345.024877299413
2017-03-07,20347.34751795448
2017-03-08,20349.670158609548
2017-03-09,20351.992799264615
2017-03-10,20354.315439919683
2017-03-13,20356.63808057475
2017-03-14,20358.960721229818
2017-03-15,20361.283361884885
2017-03-16,20363.606002539953
2017-03-17,20365.92864319502
2017-03-20,20368.251283850088
2017-03-21,20370.573924505155
2017-03-22,20372.896565160223
2017-03-23,20375.21920581529
2017-03-24,20377.541846470358
2017-03-27,20379.864487125426
2017-03-28,20382.187127780493
2017-03-29,20384.50976843556
2017-03-30,20386.832409090628
2017-03-31,20389.155049745696
2017-04-03,20391.477690400763
2017-04-04,20393.80033105583
2017-04-05,20396.122971710898
2017-04-06,20398.445612365966
2017-04-07,20400.768253021033
2017-04-10,20403.0908936761
2017-04-11,20405.41353433117
2017-04-12,20407.736174986236
2017-04-13,20410.058815641303
2017-04-17,20412.38145629637
2017-04-18,20414.70409695144
2017-04-19,20417.026737606506
2017-04-20,20419.349378261573
2017-04-21,20421.67201891664
2017-04-24,20423.99465957171
2017-04-25,20426.317300226776
2017-04-26,20428.639940881843
2017-04-27,20430.96258153691
2017-04-28,20433.28522219198
2017-05-01,20435.607862847046
2017-05-02,20437.930503502113
2017-05-03,20440.25314415718
2017-05-04,20442.57578481225
2017-05-05,20444.898425467316
2017-05-08,20447.221066122383
2017-05-09,20449.54370677745
2017-05-10,20451.86634743252
2017-05-11,20454.188988087586
2017-05-12,20456.511628742654
2017-05-15,20458.83426939772
2017-05-16,20461.15691005279
2017-05-17,20463.479550707856
2017-05-18,20465.802191362924
2017-05-19,20468.12483201799
2017-05-22,20470.44747267306
2017-05-23,20472.770113328126
2017-05-24,20475.092753983194
2017-05-25,20477.41539463826
2017-05-26,20479.73803529333
2017-05-30,20482.060675948396
2017-05-31,20484.383316603464
2017-06-01,20486.70595725853
2017-06-02,20489.0285979136
2017-06-05,20491.351238568666
2017-06-06,20493.673879223734
2017-06-07,20495.9965198788
2017-06-08,20498.31916053387
2017-06-09,20500.641801188936
2017-06-12,20502.964441844004
2017-06-13,20505.28708249907
2017-06-14,20507.60972315414
2017-06-15,20509.932363809206
2017-06-16,20512.255004464274
2017-06-19,20514.57764511934
2017-06-20,20516.90028577441
2017-06-21,20519.222926429477
2017-06-22,20521.545567084544
2017-06-23,20523.86820773961
2017-06-26,20526.19084839468
2017-06-27,20528.513489049747
2017-06-28,20530.836129704814
2017-06-29,20533.15877035988
2017-06-30,20535.48141101495
2017-07-03,20537.804051670017
2017-07-05,20540.126692325084
2017-07-06,20542.44933298015
2017-07-07,20544.77197363522
2017-07-10,20547.094614290287
2017-07-11,20549.417254945354
2017-07-12,20551.73989560042
2017-07-13,20554.06253625549
2017-07-14,20556.385176910557
2017-07-17,20558.707817565624
2017-07-18,20561.03045822069
2017-07-19,20563.35309887576
2017-07-20,20565.675739530827
2017-07-21,20567.998380185894
2017-07-24,20570.321020840962
2017-07-25,20572.64366149603
2017-07-26,20574.966302151097
2017-07-27,20577.288942806164
2017-07-28,20579.611583461232
2017-07-31,20581.9342241163
2017-08-01,20584.256864771367
2017-08-02,20586.579505426434
2017-08-03,20588.902146081502
2017-08-04,20591.22478673657
2017-08-07,20593.547427391637
2017-08-08,20595.870068046705
2017-08-09,20598.192708701772
2017-08-10,20600.51534935684
2017-08-11,20602.837990011907
2017-08-14,20605.160630666975
2017-08-15,20607.483271322042
2017-08-16,20609.80591197711
2017-08-17,20612.128552632177
2017-08-18,20614.451193287245
2017-08-21,20616.773833942312
2017-08-22,20619.09647459738
2017-08-23,20621.419115252447
2017-08-24,20623.741755907515
2017-08-25,20626.064396562582
2017-08-28,20628.38703721765
2017-08-29,20630.709677872717
2017-08-30,20633.032318527785
2017-08-31,20635.354959182852
2017-09-01,20637.67759983792
2017-09-05,20640.000240492987
2017-09-06,20642.322881148055
2017-09-07,20644.645521803122
2017-09-08,20646.96816245819
2017-09-11,20649.290803113257
2017-09-12,20651.613443768325
2017-09-13,20653.936084423392
2017-09-14,20656.25872507846
2017-09-15,20658.581365733527
2017-09-18,20660.904006388595
2017-09-19,20663.226647043663
2017-09-20,20665.54928769873
2017-09-21,20667.871928353798
2017-09-22,20670.194569008865
2017-09-25,20672.517209663933
2017-09-26,20674.839850319
2017-09-27,20677.162490974068
2017-09-28,20679.485131629135
2017-09-29,20681.807772284203
2017-10-02,20684.13041293927
2017-10-03,20686.453053594338
2017-10-04,20688.775694249405
2017-10-05,20691.098334904473
2017-10-06,20693.42097555954
2017-10-09,20695.743616214608
2017-10-10,20698.066256869675
2017-10-11,20700.388897524743
2017-10-12,20702.71153817981
2017-10-13,20705.034178834878
2017-10-16,20707.356819489945
2017-10-17,20709.679460145013
2017-10-18,20712.00210080008
2017-10-19,20714.324741455148
2017-10-20,20716.647382110215
2017-10-23,20718.970022765283
2017-10-24,20721.29266342035
2017-10-25,20723.615304075418
2017-10-26,20725.937944730485
2017-10-27,20728.260585385553
2017-10-30,20730.58322604062
2017-10-31,20732.905866695688
2017-11-01,20735.228507350756
2017-11-02,20737.551148005823
2017-11-03,20739.87378866089
2017-11-06,20742.196429315958
2017-11-07,20744.519069971026
2017-11-08,20746.841710626093
2017-11-09,20749.16435128116
2017-11-10,20751.486991936228
2017-11-13,20753.809632591296
2017-11-14,20756.132273246363
2017-11-15,20758.45491390143
2017-11-16,20760.7775545565
2017-11-17,20763.100195211566
2017-11-20,20765.422835866633
2017-11-21,20767.7454765217
2017-11-22,20770.06811717677
2017-11-24,20772.390757831836
2017-11-27,20774.713398486903
2017-11-28,20777.03603914197
2017-11-29,20779.35867979704
2017-11-30,20781.681320452106
2017-12-01,20784.003961107173
2017-12-04,20786.32660176224
2017-12-05,20788.64924241731
2017-12-06,20790.971883072376
2017-12-07,20793.294523727443
2017-12-08,20795.61716438251
2017-12-11,20797.93980503758
2017-12-12,20800.262445692646
2017-12-13,20802.585086347714
2017-12-14,20804.90772700278
2017-12-15,20807.23036765785
2017-12-18,20809.553008312916
2017-12-19,20811.875648967984
2017-12-20,20814.19828962305
2017-12-21,20816.52093027812
2017-12-22,20818.843570933186
2017-12-26,20821.166211588254
2017-12-27,20823.48885224332
2017-12-28,20825.81149289839
2017-12-29,20828.134133553456
2018-01-02,20830.456774208524
2018-01-03,20832.77941486359
2018-01-04,20835.10205551866
2018-01-05,20837.424696173726
2018-01-08,20839.747336828794
2018-01-09,20842.06997748386
2018-01-10,20844.39261813893
2018-01-11,20846.715258793996
2018-01-12,20849.037899449064
2018-01-16,20851.36054010413
2018-01-17,20853.6831807592
2018-01-18,20856.005821414266
2018-01-19,20858.328462069334
2018-01-22,20860.6511027244
2018-01-23,20862.97374337947
2018-01-24,20865.296384034536
2018-01-25,20867.619024689604
2018-01-26,20869.94166534467
2018-01-29,20872.26430599974
2018-01-30,20874.586946654807
2018-01-31,20876.909587309874
2018-02-01,20879.23222796494
2018-02-02,20881.55486862001
2018-02-05,20883.877509275077
2018-02-06,20886.200149930144
2018-02-07,20888.52279058521
2018-02-08,20890.84543124028
2018-02-09,20893.168071895347
2018-02-12,20895.490712550414
2018-02-13,20897.81335320548
2018-02-14,20900.13599386055
2018-02-15,20902.458634515617
2018-02-16,20904.781275170684
2018-02-20,20907.10391582575
2018-02-21,20909.42655648082
2018-02-22,20911.749197135887
2018-02-23,20914.071837790954
2018-02-26,20916.394478446022
2018-02-27,20918.71711910109
2018-02-28,20921.039759756157
2018-03-01,20923.362400411224
2018-03-02,20925.685041066292
2018-03-05,20928.00768172136
2018-03-06,20930.330322376427
2018-03-07,20932.652963031494
2018-03-08,20934.975603686562
2018-03-09,20937.29824434163
2018-03-12,20939.620884996697
2018-03-13,20941.943525651765
2018-03-14,20944.266166306832
2018-03-15,20946.5888069619
2018-03-16,20948.911447616967
2018-03-19,20951.234088272035
2018-03-20,20953.556728927102
2018-03-21,20955.87936958217
2018-03-22,20958.202010237237
2018-03-23,20960.524650892305
2018-03-26,20962.847291547372
2018-03-27,20965.16993220244
2018-03-28,20967.492572857507
2018-03-29,20969.815213512575
2018-04-02,20972.137854167642
2018-04-03,20974.46049482271
2018-04-04,20976.783135477777
2018-04-05,20979.105776132845
2018-04-06,20981.428416787912
2018-04-09,20983.75105744298
2018-04-10,20986.073698098047
2018-04-11,20988.396338753115
2018-04-12,20990.718979408182
2018-04-13,20993.04162006325
2018-04-16,20995.364260718317
2018-04-17,20997.686901373385
2018-04-18,21000.009542028452
2018-04-19,21002.33218268352
2018-04-20,21004.654823338587
2018-04-23,21006.977463993655
2018-04-24,21009.300104648722
2018-04-25,21011.62274530379
2018-04-26,21013.945385958858
2018-04-27,21016.268026613925
2018-04-30,21018.590667268993
2018-05-01,21020.91330792406
2018-05-02,21023.235948579128
2018-05-03,21025.558589234195
2018-05-04,21027.881229889263
2018-05-07,21030.20387054433
2018-05-08,21032.526511199398
2018-05-09,21034.849151854465
2018-05-10,21037.171792509533
2018-05-11,21039.4944331646
2018-05-14,21041.817073819668
2018-05-15,21044.139714474735
2018-05-16,21046.462355129803
2018-05-17,21048.78499578487
2018-05-18,21051.107636439938
2018-05-21,21053.430277095005
2018-05-22,21055.752917750073
2018-05-23,21058.07555840514
2018-05-24,21060.398199060208
2018-05-25,21062.720839715275
2018-05-29,21065.043480370343
2018-05-30,21067.36612102541
2018-05-31,21069.688761680478
2018-06-01,21072.011402335545
2018-06-04,21074.334042990613
2018-06-05,21076.65668364568
2018-06-06,21078.979324300748
2018-06-07,21081.301964955815
2018-06-08,21083.624605610883
2018-06-11,21085.94724626595
2018-06-12,21088.269886921018
2018-06-13,21090.592527576086
2018-06-14,21092.915168231153
2018-06-15,21095.23780888622
2018-06-18,21097.560449541288
2018-06-19,21099.883090196356
2018-06-20,21102.205730851423
2018-06-21,21104.52837150649
2018-06-22,21106.851012161558
2018-06-25,21109.173652816626
2018-06-26,21111.496293471693
2018-06-27,21113.81893412676
2018-06-28,21116.14157478183
2018-06-29,21118.464215436896
2018-07-02,21120.786856091963
2018-07-03,21123.10949674703
2018-07-05,21125.4321374021
2018-07-06,21127.754778057166
2018-07-09,21130.077418712233
2018-07-10,21132.4000593673
2018-07-11,21134.72270002237
2018-07-12,21137.045340677436
2018-07-13,21139.367981332503
2018-07-16,21141.69062198757
2018-07-17,21144.01326264264
2018-07-18,21146.335903297706
2018-07-19,21148.658543952773
2018-07-20,21150.98118460784
2018-07-23,21153.30382526291
2018-07-24,21155.626465917976
2018-07-25,21157.949106573044
2018-07-26,21160.27174722811
2018-07-27,21162.59438788318
2018-07-30,21164.917028538246
2018-07-31,21167.239669193314
2018-08-01,21169.56230984838
2018-08-02,21171.88495050345
2018-08-03,21174.207591158516
2018-08-06,21176.530231813584
2018-08-07,21178.85287246865
2018-08-08,21181.17551312372
2018-08-09,21183.498153778786
2018-08-10,21185.820794433854
2018-08-13,21188.14343508892
2018-08-14,21190.46607574399
2018-08-15,21192.788716399056
2018-08-16,21195.111357054124
2018-08-17,21197.43399770919
2018-08-20,21199.75663836426
2018-08-21,21202.079279019326
2018-08-22,21204.401919674394
2018-08-23,21206.72456032946
2018-08-24,21209.04720098453
2018-08-27,21211.369841639596
2018-08-28,21213.692482294664
2018-08-29,21216.01512294973
2018-08-30,21218.3377636048
2018-08-31,21220.660404259866
2018-09-04,21222.983044914934
2018-09-05,21225.30568557
2018-09-06,21227.62832622507
2018-09-07,21229.950966880137
2018-09-10,21232.273607535204
2018-09-11,21234.59624819027
2018-09-12,21236.91888884534
2018-09-13,21239.241529500407
2018-09-14,21241.564170155474
2018-09-17,21243.88681081054
2018-09-18,21246.20945146561
2018-09-19,21248.532092120677
2018-09-20,21250.854732775744
2018-09-21,21253.17737343081
2018-09-24,21255.50001408588
2018-09-25,21257.822654740947
2018-09-26,21260.145295396014
2018-09-27,21262.46793605108
2018-09-28,21264.79057670615
2018-10-01,21267.113217361217
2018-10-02,21269.435858016284
2018-10-03,21271.758498671352
2018-10-04,21274.08113932642
2018-10-05,21276.403779981487
2018-10-08,21278.726420636554
2018-10-09,21281.049061291622
2018-10-10,21283.37170194669
2018-10-11,21285.694342601757
2018-10-12,21288.016983256824
2018-10-15,21290.339623911892
2018-10-16,21292.66226456696
2018-10-17,21294.984905222027
2018-10-18,21297.307545877095
2018-10-19,21299.630186532162
2018-10-22,21301.95282718723
2018-10-23,21304.275467842297
2018-10-24,21306.598108497365
2018-10-25,21308.920749152432
2018-10-26,21311.2433898075
2018-10-29,21313.566030462567
2018-10-30,21315.888671117635
2018-10-31,21318.211311772702
2018-11-01,21320.53395242777
2018-11-02,21322.856593082837
2018-11-05,21325.179233737905
2018-11-06,21327.501874392972
2018-11-07,21329.82451504804
2018-11-08,21332.147155703107
2018-11-09,21334.469796358175
2018-11-12,21336.792437013242
2018-11-13,21339.11507766831
2018-11-14,21341.437718323377
2018-11-15,21343.760358978445
2018-11-16,21346.082999633512
2018-11-19,21348.40564028858
2018-11-20,21350.728280943647
2018-11-21,21353.050921598715
2018-11-23,21355.373562253782
2018-11-26,21357.69620290885
2018-11-27,21360.018843563917
2018-11-28,21362.341484218985
2018-11-29,21364.664124874053
2018-11-30,21366.98676552912
2018-12-03,21369.309406184188
2018-12-04,21371.632046839255
2018-12-06,21373.954687494323
2018-12-07,21376.27732814939
2018-12-10,21378.599968804458
2018-12-11,21380.922609459525
2018-12-12,21383.245250114593
2018-12-13,21385.56789076966
2018-12-14,21387.890531424728
2018-12-17,21390.213172079795
2018-12-18,21392.535812734863
2018-12-19,21394.85845338993
2018-12-20,21397.181094044998
2018-12-21,21399.503734700065
2018-12-24,21401.826375355133
2018-12-26,21404.1490160102
2018-12-27,21406.471656665268
2018-12-28,21408.794297320335
2018-12-31,21411.116937975403
2019-01-02,21413.43957863047
2019-01-03,21415.762219285538
2019-01-04,21418.084859940605
2019-01-07,21420.407500595673
2019-01-08,21422.73014125074
2019-01-09,21425.052781905808
2019-01-10,21427.375422560875
2019-01-11,21429.698063215943
2019-01-14,21432.02070387101
2019-01-15,21434.343344526078
2019-01-16,21436.665985181146
2019-01-17,21438.988625836213
2019-01-18,21441.31126649128
2019-01-22,21443.633907146348
2019-01-23,21445.956547801416
2019-01-24,21448.279188456483
2019-01-25,21450.60182911155
2019-01-28,21452.924469766618
2019-01-29,21455.247110421686
2019-01-30,21457.569751076753
2019-01-31,21459.89239173182
2019-02-01,21462.21503238689
2019-02-04,21464.537673041956
2019-02-05,21466.860313697023
2019-02-06,21469.18295435209
2019-02-07,21471.50559500716
2019-02-08,21473.828235662226
2019-02-11,21476.150876317293
2019-02-12,21478.47351697236
2019-02-13,21480.79615762743
2019-02-14,21483.118798282496
2019-02-15,21485.441438937563
2019-02-19,21487.76407959263
2019-02-20,21490.0867202477
2019-02-21,21492.409360902766
2019-02-22,21494.732001557833
2019-02-25,21497.0546422129
2019-02-26,21499.37728286797
2019-02-27,21501.699923523036
2019-02-28,21504.022564178103
2019-03-01,21506.34520483317
2019-03-04,21508.66784548824
2019-03-05,21510.990486143306
2019-03-06,21513.313126798374
2019-03-07,21515.63576745344
2019-03-08,21517.95840810851
2019-03-11,21520.281048763576
2019-03-12,21522.603689418644
2019-03-13,21524.92633007371
2019-03-14,21527.24897072878
2019-03-15,21529.571611383846
2019-03-18,21531.894252038914
2019-03-19,21534.21689269398
2019-03-20,21536.53953334905
2019-03-21,21538.862174004116
2019-03-22,21541.184814659184
2019-03-25,21543.50745531425
2019-03-26,21545.83009596932
2019-03-27,21548.152736624386
2019-03-28,21550.475377279454
2019-03-29,21552.79801793452
2019-04-01,21555.12065858959
2019-04-02,21557.443299244656
2019-04-03,21559.765939899724
2019-04-04,21562.08858055479
2019-04-05,21564.41122120986
2019-04-08,21566.733861864926
2019-04-09,21569.056502519994
2019-04-10,21571.37914317506
2019-04-11,21573.70178383013
2019-04-12,21576.024424485197
2019-04-15,21578.347065140264
2019-04-16,21580.66970579533
2019-04-17,21582.9923464504
2019-04-18,21585.314987105467
2019-04-22,21587.637627760534
2019-04-23,21589.9602684156
2019-04-24,21592.28290907067
2019-04-25,21594.605549725737
2019-04-26,21596.928190380804
2019-04-29,21599.25083103587
2019-04-30,21601.57347169094
2019-05-01,21603.896112346007
2019-05-02,21606.218753001074
2019-05-03,21608.54139365614
2019-05-06,21610.86403431121
2019-05-07,21613.186674966277
2019-05-08,21615.509315621344
2019-05-09,21617.83195627641
2019-05-10,21620.15459693148
2019-05-13,21622.477237586547
2019-05-14,21624.799878241614
2019-05-15,21627.122518896682
2019-05-16,21629.44515955175
2019-05-17,21631.767800206817
2019-05-20,21634.090440861884
2019-05-21,21636.413081516952
2019-05-22,21638.73572217202
2019-05-23,21641.058362827087
2019-05-24,21643.381003482154
2019-05-28,21645.703644137222
2019-05-29,21648.02628479229
2019-05-30,21650.348925447357
2019-05-31,21652.671566102425
2019-06-03,21654.994206757492
2019-06-04,21657.31684741256
2019-06-05,21659.639488067627
2019-06-06,21661.962128722695
2019-06-07,21664.284769377762
2019-06-10,21666.60741003283
2019-06-11,21668.930050687897
2019-06-12,21671.252691342965
2019-06-13,21673.575331998032
2019-06-14,21675.8979726531
2019-06-17,21678.220613308167
2019-06-18,21680.543253963235
2019-06-19,21682.865894618302
2019-06-20,21685.18853527337
2019-06-21,21687.511175928437
2019-06-24,21689.833816583505
2019-06-25,21692.156457238572
2019-06-26,21694.47909789364
2019-06-27,21696.801738548707
2019-06-28,21699.124379203775
2019-07-01,21701.447019858842
2019-07-02,21703.76966051391
2019-07-03,21706.092301168977
2019-07-05,21708.414941824045
2019-07-08,21710.737582479112
2019-07-09,21713.06022313418
2019-07-10,21715.382863789247
2019-07-11,21717.705504444315
2019-07-12,21720.028145099383
2019-07-15,21722.35078575445
2019-07-16,21724.673426409518
2019-07-17,21726.996067064585
2019-07-18,21729.318707719653
2019-07-19,21731.64134837472
2019-07-22,21733.963989029788
2019-07-23,21736.286629684855
2019-07-24,21738.609270339923
2019-07-25,21740.93191099499
2019-07-26,21743.254551650058
2019-07-29,21745.577192305125
2019-07-30,21747.899832960193
2019-07-31,21750.22247361526
2019-08-01,21752.545114270328
2019-08-02,21754.867754925395
2019-08-05,21757.190395580463
2019-08-06,21759.51303623553
2019-08-07,21761.835676890598
2019-08-08,21764.158317545665
2019-08-09,21766.480958200733
2019-08-12,21768.8035988558
2019-08-13,21771.126239510868
2019-08-14,21773.448880165935
2019-08-15,21775.771520821003
2019-08-16,21778.09416147607
2019-08-19,21780.416802131138
2019-08-20,21782.739442786205
2019-08-21,21785.062083441273
2019-08-22,21787.38472409634
2019-08-23,21789.707364751408
2019-08-26,21792.030005406476
2019-08-27,21794.352646061543
2019-08-28,21796.67528671661
2019-08-29,21798.997927371678
2019-08-30,21801.320568026746
2019-09-03,21803.643208681813
2019-09-04,21805.96584933688
2019-09-05,21808.288489991948
2019-09-06,21810.611130647016
2019-09-09,21812.933771302083
2019-09-10,21815.25641195715
2019-09-11,21817.57905261222
2019-09-12,21819.901693267286
2019-09-13,21822.224333922353
2019-09-16,21824.54697457742
2019-09-17,21826.86961523249
2019-09-18,21829.192255887556
2019-09-19,21831.514896542623
2019-09-20,21833.83753719769
2019-09-23,21836.16017785276
2019-09-24,21838.482818507826
2019-09-25,21840.805459162893
2019-09-26,21843.12809981796
2019-09-27,21845.45074047303
2019-09-30,21847.773381128096
2019-10-01,21850.096021783163
2019-10-02,21852.41866243823
2019-10-03,21854.7413030933
2019-10-04,21857.063943748366
2019-10-07,21859.386584403434
2019-10-08,21861.7092250585
2019-10-09,21864.03186571357
2019-10-10,21866.354506368636
2019-10-11,21868.677147023704
2019-10-14,21870.99978767877
2019-10-15,21873.32242833384
2019-10-16,21875.645068988906
2019-10-17,21877.967709643974
2019-10-18,21880.29035029904
2019-10-21,21882.61299095411
2019-10-22,21884.935631609176
2019-10-23,21887.258272264244
2019-10-24,21889.58091291931
2019-10-25,21891.90355357438
2019-10-28,21894.226194229446
2019-10-29,21896.548834884514
2019-10-30,21898.87147553958
2019-10-31,21901.19411619465
2019-11-01,21903.516756849716
2019-11-04,21905.839397504784
2019-11-05,21908.16203815985
2019-11-06,21910.48467881492
2019-11-07,21912.807319469986
2019-11-08,21915.129960125054
2019-11-11,21917.45260078012
2019-11-12,21919.77524143519
2019-11-13,21922.097882090256
2019-11-14,21924.420522745324
2019-11-15,21926.74316340039
2019-11-18,21929.06580405546
2019-11-19,21931.388444710527
2019-11-20,21933.711085365594
2019-11-21,21936.03372602066
2019-11-22,21938.35636667573
2019-11-25,21940.679007330797
2019-11-26,21943.001647985864
2019-11-27,21945.32428864093
2019-11-29,21947.646929296
2019-12-02,21949.969569951067
2019-12-03,21952.292210606134
2019-12-04,21954.6148512612
2019-12-05,21956.93749191627
2019-12-06,21959.260132571337
2019-12-09,21961.582773226404
2019-12-10,21963.90541388147
2019-12-11,21966.22805453654
2019-12-12,21968.550695191607
2019-12-13,21970.873335846674
2019-12-16,21973.195976501742
2019-12-17,21975.51861715681
2019-12-18,21977.841257811877
2019-12-19,21980.163898466944
2019-12-20,21982.486539122012
2019-12-23,21984.80917977708
2019-12-24,21987.131820432147
2019-12-26,21989.454461087214
2019-12-27,21991.777101742282
2019-12-30,21994.09974239735
2019-12-31,21996.422383052417
2020-01-02,21998.745023707485
2020-01-03,22001.067664362552
2020-01-06,22003.39030501762
2020-01-07,22005.712945672687
2020-01-08,22008.035586327755
2020-01-09,22010.358226982822
2020-01-10,22012.68086763789
2020-01-13,22015.003508292957
2020-01-14,22017.326148948025
2020-01-15,22019.648789603092
2020-01-16,22021.97143025816
2020-01-17,22024.294070913227
2020-01-21,22026.616711568295
2020-01-22,22028.939352223362
2020-01-23,22031.26199287843
2020-01-24,22033.584633533497
2020-01-27,22035.907274188565
2020-01-28,22038.229914843632
2020-01-29,22040.5525554987
2020-01-30,22042.875196153767
2020-01-31,22045.197836808835
2020-02-03,22047.520477463902
2020-02-04,22049.84311811897
2020-02-05,22052.165758774037
2020-02-06,22054.488399429105
2020-02-07,22056.811040084172
2020-02-10,22059.13368073924
2020-02-11,22061.456321394307
2020-02-12,22063.778962049375
2020-02-13,22066.101602704442
2020-02-14,22068.42424335951
2020-02-18,22070.746884014578
2020-02-19,22073.069524669645
2020-02-20,22075.392165324713
2020-02-21,22077.71480597978
2020-02-24,22080.037446634848
2020-02-25,22082.360087289915
2020-02-26,22084.682727944983
2020-02-27,22087.00536860005
2020-02-28,22089.328009255118
2020-03-02,22091.650649910185
2020-03-03,22093.973290565253
2020-03-04,22096.29593122032
2020-03-05,22098.618571875388
2020-03-06,22100.941212530455
2020-03-09,22103.263853185523
2020-03-10,22105.58649384059
2020-03-11,22107.909134495658
2020-03-12,22110.231775150725
2020-03-13,22112.554415805793
2020-03-16,22114.87705646086
2020-03-17,22117.199697115928
2020-03-18,22119.522337770995
2020-03-19,22121.844978426063
2020-03-20,22124.16761908113
2020-03-23,22126.490259736198
2020-03-24,22128.812900391265
2020-03-25,22131.135541046333
2020-03-26,22133.4581817014
2020-03-27,22135.780822356468
2020-03-30,22138.103463011535
2020-03-31,22140.426103666603
2020-04-01,22142.74874432167
2020-04-02,22145.071384976738
2020-04-03,22147.394025631806
2020-04-06,22149.716666286873
2020-04-07,22152.03930694194
2020-04-08,22154.361947597008
2020-04-09,22156.684588252076
2020-04-13,22159.007228907143
2020-04-14,22161.32986956221
2020-04-15,22163.652510217278
2020-04-16,22165.975150872346
2020-04-17,22168.297791527413
2020-04-20,22170.62043218248
2020-04-21,22172.94307283755
2020-04-22,22175.265713492616
2020-04-23,22177.588354147683
2020-04-24,22179.91099480275
2020-04-27,22182.23363545782
2020-04-28,22184.556276112886
2020-04-29,22186.878916767953
2020-04-30,22189.20155742302
2020-05-01,22191.52419807809
2020-05-04,22193.846838733156
2020-05-05,22196.169479388223
2020-05-06,22198.49212004329
2020-05-07,22200.81476069836
2020-05-08,22203.137401353426
2020-05-11,22205.460042008493
2020-05-12,22207.78268266356
2020-05-13,22210.10532331863
2020-05-14,22212.427963973696
2020-05-15,22214.750604628764
2020-05-18,22217.07324528383
2020-05-19,22219.3958859389
2020-05-20,22221.718526593966
2020-05-21,22224.041167249034
2020-05-22,22226.3638079041
2020-05-26,22228.68644855917
2020-05-27,22231.009089214236
2020-05-28,22233.331729869304
2020-05-29,22235.65437052437
2020-06-01,22237.97701117944
2020-06-02,22240.299651834506
2020-06-03,22242.622292489574
2020-06-04,22244.94493314464
2020-06-05,22247.26757379971
2020-06-08,22249.590214454776
2020-06-09,22251.912855109844
2020-06-10,22254.23549576491
2020-06-11,22256.55813641998
2020-06-12,22258.880777075046
2020-06-15,22261.203417730114
2020-06-16,22263.52605838518
2020-06-17,22265.84869904025
2020-06-18,22268.171339695316
2020-06-19,22270.493980350384
2020-06-22,22272.81662100545
2020-06-23,22275.13926166052
2020-06-24,22277.461902315586
2020-06-25,22279.784542970654
2020-06-26,22282.10718362572
2020-06-29,22284.42982428079
2020-06-30,22286.752464935857
2020-07-01,22289.075105590924
2020-07-02,22291.39774624599
2020-07-06,22293.72038690106
2020-07-07,22296.043027556127
2020-07-08,22298.365668211194
2020-07-09,22300.68830886626
2020-07-10,22303.01094952133
2020-07-13,22305.333590176397
2020-07-14,22307.656230831464
2020-07-15,22309.97887148653
2020-07-16,22312.3015121416
2020-07-17,22314.624152796667
2020-07-20,22316.946793451734
2020-07-21,22319.2694341068
2020-07-22,22321.59207476187
2020-07-23,22323.914715416937
2020-07-24,22326.237356072004
2020-07-27,22328.559996727072
2020-07-28,22330.88263738214
2020-07-29,22333.205278037207
2020-07-30,22335.527918692274
2020-07-31,22337.850559347342
2020-08-03,22340.17320000241
2020-08-04,22342.495840657477
2020-08-05,22344.818481312544
2020-08-06,22347.141121967612
2020-08-07,22349.46376262268
2020-08-10,22351.786403277747
2020-08-11,22354.109043932815
2020-08-12,22356.431684587882
2020-08-13,22358.75432524295
2020-08-14,22361.076965898017
2020-08-17,22363.399606553085
2020-08-18,22365.722247208152
2020-08-19,22368.04488786322
2020-08-20,22370.367528518287
2020-08-21,22372.690169173355
2020-08-24,22375.012809828422
2020-08-25,22377.33545048349
2020-08-26,22379.658091138557
2020-08-27,22381.980731793625
2020-08-28,22384.303372448692
2020-08-31,22386.62601310376
2020-09-01,22388.948653758827
2020-09-02,22391.271294413895
2020-09-03,22393.593935068962
2020-09-04,22395.91657572403
2020-09-08,22398.239216379097
2020-09-09,22400.561857034165
2020-09-10,22402.884497689232
2020-09-11,22405.2071383443
2020-09-14,22407.529778999367
2020-09-15,22409.852419654435
2020-09-16,22412.175060309502
2020-09-17,22414.49770096457
2020-09-18,22416.820341619637
2020-09-21,22419.142982274705
2020-09-22,22421.465622929773
2020-09-23,22423.78826358484
2020-09-24,22426.110904239908
2020-09-25,22428.433544894975
2020-09-28,22430.756185550043
2020-09-29,22433.07882620511
2020-09-30,22435.401466860178
2020-10-01,22437.724107515245
2020-10-02,22440.046748170313
2020-10-05,22442.36938882538
2020-10-06,22444.692029480448
2020-10-07,22447.014670135515
2020-10-08,22449.337310790583
2020-10-09,22451.65995144565
2020-10-12,22453.982592100718
2020-10-13,22456.305232755785
2020-10-14,22458.627873410853
2020-10-15,22460.95051406592
2020-10-16,22463.273154720988
2020-10-19,22465.595795376055
2020-10-20,22467.918436031123
2020-10-21,22470.24107668619
2020-10-22,22472.563717341258
2020-10-23,22474.886357996325
2020-10-26,22477.208998651393
2020-10-27,22479.53163930646
2020-10-28,22481.854279961528
2020-10-29,22484.176920616595
2020-10-30,22486.499561271663
2020-11-02,22488.82220192673
2020-11-03,22491.144842581798
2020-11-04,22493.467483236866
2020-11-05,22495.790123891933
2020-11-06,22498.112764547
2020-11-09,22500.435405202068
2020-11-10,22502.758045857136
2020-11-11,22505.080686512203
2020-11-12,22507.40332716727
2020-11-13,22509.725967822338
2020-11-16,22512.048608477406
2020-11-17,22514.371249132473
2020-11-18,22516.69388978754
2020-11-19,22519.01653044261
2020-11-20,22521.339171097676
2020-11-23,22523.661811752743
2020-11-24,22525.98445240781
2020-11-25,22528.30709306288
2020-11-27,22530.629733717946
2020-11-30,22532.952374373013
2020-12-01,22535.27501502808
2020-12-02,22537.59765568315
2020-12-03,22539.920296338216
2020-12-04,22542.242936993283
2020-12-07,22544.56557764835
2020-12-08,22546.88821830342
2020-12-09,22549.210858958486
2020-12-10,22551.533499613553
2020-12-11,22553.85614026862
2020-12-14,22556.17878092369
2020-12-15,22558.501421578756
2020-12-16,22560.824062233823
2020-12-17,22563.14670288889
2020-12-18,22565.46934354396
2020-12-21,22567.791984199026
2020-12-22,22570.114624854094
2020-12-23,22572.43726550916
2020-12-24,22574.75990616423
2020-12-28,22577.082546819296
2020-12-29,22579.405187474364
2020-12-30,22581.72782812943
2020-12-31,22584.0504687845
2021-01-04,22586.373109439566
2021-01-05,22588.695750094634
2021-01-06,22591.0183907497
2021-01-07,22593.34103140477
2021-01-08,22595.663672059836
2021-01-11,22597.986312714904
2021-01-12,22600.30895336997
2021-01-13,22602.63159402504
